{"cameraMode":{"drawMode":2,"name":"Shaded Wireframe","section":"Shading Mode"},"sceneLighting":true,"audioPlay":false,"sceneViewState":{"m_AlwaysRefresh":false,"showFog":true,"showSkybox":true,"showFlares":true,"showImageEffects":true,"showParticleSystems":true,"showVisualEffectGraphs":true,"m_FxEnabled":true},"in2DMode":false,"pivot":{"x":0.3245968818664551,"y":-0.16930913925170899,"z":0.31894171237945559},"rotation":{"x":0.31698834896087649,"y":-0.49720028042793276,"z":0.20152127742767335,"w":0.7821393013000488},"size":1.2888827323913575,"orthographic":false}